20120624-2015-windows-camp-demo-part-two,http://devhawk.net/wp-content/uploads/2012/06/WCDemo2-RunningApp-300x187.png,D:\dev\DevHawk\Posts\20120624-2015-windows-camp-demo-part-two\WCDemo2-RunningApp-300x187.png
20120624-2015-windows-camp-demo-part-two,http://devhawk.net/wp-content/uploads/2012/06/WCDemo2-RunningApp.png,D:\dev\DevHawk\Posts\20120624-2015-windows-camp-demo-part-two\WCDemo2-RunningApp.png
20120619-2013-windows-camp-demo-part-one,http://devhawk.net/wp-content/uploads/2012/06/WCDemo1-Intellisense1.png,D:\dev\DevHawk\Posts\20120619-2013-windows-camp-demo-part-one\WCDemo1-Intellisense1.png
20120619-2013-windows-camp-demo-part-one,http://devhawk.net/wp-content/uploads/2012/06/WCDemo1-Intellisense2.png,D:\dev\DevHawk\Posts\20120619-2013-windows-camp-demo-part-one\WCDemo1-Intellisense2.png
20120619-2013-windows-camp-demo-part-one,http://devhawk.net/wp-content/uploads/2012/06/WCDemo1-RunningApp-e1340161688130-150x74.png,D:\dev\DevHawk\Posts\20120619-2013-windows-camp-demo-part-one\WCDemo1-RunningApp-e1340161688130-150x74.png
20110425-0003-playing-with-the-lead,http://devhawk.net/wp-content/uploads/2011/04/113092763_slide-300x200.jpg,D:\dev\DevHawk\Posts\20110425-0003-playing-with-the-lead\113092763_slide-300x200.jpg
20100517-0958-washington-stealth-lacrosse,D:\dev\DevHawk\Original\Images\5932_111961876044_93620706044_2350467_25193_n.jpg,D:\dev\DevHawk\Posts\20100517-0958-washington-stealth-lacrosse\5932_111961876044_93620706044_2350467_25193_n.jpg
20100517-0958-washington-stealth-lacrosse,http://upload.wikimedia.org/wikipedia/en/thumb/c/cd/NLLLogo.svg/200px-NLLLogo.svg.png,D:\dev\DevHawk\Posts\20100517-0958-washington-stealth-lacrosse\200px-NLLLogo.svg.png
20091027-1731-the-soa-manifesto-pointlessness-manifested,http://www.agilemanifesto.org/background.jpg,D:\dev\DevHawk\Posts\20091027-1731-the-soa-manifesto-pointlessness-manifested\background.jpg
20091021-1527-ironpython-and-ironruby-ctps-for-net-4-0-beta-2,http://s3.amazonaws.com/devhawk_images/WindowsLiveWriter/IronPythonandIronRubyCTPsfor.NET4.0Beta2_D952/VS_v_rgb_3.png,D:\dev\DevHawk\Posts\20091021-1527-ironpython-and-ironruby-ctps-for-net-4-0-beta-2\VS_v_rgb_3.png
20091007-1343-hybrid-app-debugging-tracebackdelegate-and-settrace,http://s3.amazonaws.com/devhawk_images/WindowsLiveWriter/HybridAppDebuggingTracebackDelegateandSe_F502/image_thumb_4.png,D:\dev\DevHawk\Posts\20091007-1343-hybrid-app-debugging-tracebackdelegate-and-settrace\image_thumb_4.png
20091007-1343-hybrid-app-debugging-tracebackdelegate-and-settrace,http://s3.amazonaws.com/devhawk_images/WindowsLiveWriter/HybridAppDebuggingTracebackDelegateandSe_F502/image_10.png,D:\dev\DevHawk\Posts\20091007-1343-hybrid-app-debugging-tracebackdelegate-and-settrace\image_10.png
20091006-1411-lightweight-debugging-for-hybrid-cironpython-apps,http://s3.amazonaws.com/devhawk_images/WindowsLiveWriter/EmbeddedDebuggingIntroduction_AD18/designallCAZM93SM_3.jpg,D:\dev\DevHawk\Posts\20091006-1411-lightweight-debugging-for-hybrid-cironpython-apps\designallCAZM93SM_3.jpg
20090928-1033-ironpython-post-2-6-roadmap,http://devhawk.net/wp-includes/images/smilies/icon_smile.gif,D:\dev\DevHawk\Posts\20090928-1033-ironpython-post-2-6-roadmap\icon_smile.gif
20090923-1026-ironpython-2-6-release-candidate,http://s3.amazonaws.com/devhawk_images/WindowsLiveWriter/IronPython2.6ReleaseCandidate_EDEE/image_3.png,D:\dev\DevHawk\Posts\20090923-1026-ironpython-2-6-release-candidate\image_3.png
20090918-1713-danish-university-tour-trip-report,http://s3.amazonaws.com/devhawk_images/WindowsLiveWriter/DanishUniversityTourTripReport_9595/IronPython_DK_trip_on_a_map_thumb.png,D:\dev\DevHawk\Posts\20090918-1713-danish-university-tour-trip-report\IronPython_DK_trip_on_a_map_thumb.png
20090918-1713-danish-university-tour-trip-report,http://s3.amazonaws.com/devhawk_images/WindowsLiveWriter/DanishUniversityTourTripReport_9595/videod9804c33b78e.jpg,D:\dev\DevHawk\Posts\20090918-1713-danish-university-tour-trip-report\videod9804c33b78e.jpg
20090918-1713-danish-university-tour-trip-report,http://s3.amazonaws.com/devhawk_images/WindowsLiveWriter/DanishUniversityTourTripReport_9595/IMG_2297_thumb.jpg,D:\dev\DevHawk\Posts\20090918-1713-danish-university-tour-trip-report\IMG_2297_thumb.jpg
20090918-1713-danish-university-tour-trip-report,http://devhawk.net/wp-includes/images/smilies/icon_smile.gif,D:\dev\DevHawk\Posts\20090918-1713-danish-university-tour-trip-report\icon_smile.gif
20090918-1713-danish-university-tour-trip-report,http://s3.amazonaws.com/devhawk_images/WindowsLiveWriter/DanishUniversityTourTripReport_9595/IMG_2276_thumb.jpg,D:\dev\DevHawk\Posts\20090918-1713-danish-university-tour-trip-report\IMG_2276_thumb.jpg
20090918-1713-danish-university-tour-trip-report,http://s3.amazonaws.com/devhawk_images/WindowsLiveWriter/DanishUniversityTourTripReport_9595/IronPython_DK_trip_on_a_map_2.png,D:\dev\DevHawk\Posts\20090918-1713-danish-university-tour-trip-report\IronPython_DK_trip_on_a_map_2.png
20090918-1713-danish-university-tour-trip-report,http://s3.amazonaws.com/devhawk_images/WindowsLiveWriter/DanishUniversityTourTripReport_9595/IMG_2297_2.jpg,D:\dev\DevHawk\Posts\20090918-1713-danish-university-tour-trip-report\IMG_2297_2.jpg
20090918-1713-danish-university-tour-trip-report,http://s3.amazonaws.com/devhawk_images/WindowsLiveWriter/DanishUniversityTourTripReport_9595/IMG_2276_2.jpg,D:\dev\DevHawk\Posts\20090918-1713-danish-university-tour-trip-report\IMG_2276_2.jpg
20090827-1108-the-last-mile-of-the-internet,http://s3.amazonaws.com/devhawk_images/WindowsLiveWriter/AsyncMessagingandClientApplications_15086/image_3.png,D:\dev\DevHawk\Posts\20090827-1108-the-last-mile-of-the-internet\image_3.png
20090827-1108-the-last-mile-of-the-internet,http://s3.amazonaws.com/devhawk_images/WindowsLiveWriter/AsyncMessagingandClientApplications_15086/image_17.png,D:\dev\DevHawk\Posts\20090827-1108-the-last-mile-of-the-internet\image_17.png
20090827-1108-the-last-mile-of-the-internet,http://s3.amazonaws.com/devhawk_images/WindowsLiveWriter/AsyncMessagingandClientApplications_15086/image_20.png,D:\dev\DevHawk\Posts\20090827-1108-the-last-mile-of-the-internet\image_20.png
20090826-1133-async-messaging-and-the-barbarian-hordes,http://s3.amazonaws.com/devhawk_images/WindowsLiveWriter/TheAsyncWeb_13D36/image_8.png,D:\dev\DevHawk\Posts\20090826-1133-async-messaging-and-the-barbarian-hordes\image_8.png
20090826-1133-async-messaging-and-the-barbarian-hordes,http://s3.amazonaws.com/devhawk_images/WindowsLiveWriter/TheAsyncWeb_13D36/image_7.png,D:\dev\DevHawk\Posts\20090826-1133-async-messaging-and-the-barbarian-hordes\image_7.png
20090826-1133-async-messaging-and-the-barbarian-hordes,http://s3.amazonaws.com/devhawk_images/WindowsLiveWriter/TheAsyncWeb_13D36/image_thumb_3.png,D:\dev\DevHawk\Posts\20090826-1133-async-messaging-and-the-barbarian-hordes\image_thumb_3.png
20090826-1133-async-messaging-and-the-barbarian-hordes,http://s3.amazonaws.com/devhawk_images/WindowsLiveWriter/TheAsyncWeb_13D36/image_10.png,D:\dev\DevHawk\Posts\20090826-1133-async-messaging-and-the-barbarian-hordes\image_10.png
20090821-1432-devhawk-world-tour-fy2010,http://s3.amazonaws.com/devhawk_images/WindowsLiveWriter/DevHawkWorldTourFY2010_C89F/250px-Dannebrog_3.jpg,D:\dev\DevHawk\Posts\20090821-1432-devhawk-world-tour-fy2010\250px-Dannebrog_3.jpg
20090821-1432-devhawk-world-tour-fy2010,http://devhawk.net/wp-includes/images/smilies/icon_smile.gif,D:\dev\DevHawk\Posts\20090821-1432-devhawk-world-tour-fy2010\icon_smile.gif
20090821-1432-devhawk-world-tour-fy2010,http://s3.amazonaws.com/devhawk_images/WindowsLiveWriter/DevHawkWorldTourFY2010_C89F/n79454152413_3738_thumb.png,D:\dev\DevHawk\Posts\20090821-1432-devhawk-world-tour-fy2010\n79454152413_3738_thumb.png
20090821-1432-devhawk-world-tour-fy2010,http://s3.amazonaws.com/devhawk_images/WindowsLiveWriter/DevHawkWorldTourFY2010_C89F/TechEd_Europe_2009_3.png,D:\dev\DevHawk\Posts\20090821-1432-devhawk-world-tour-fy2010\TechEd_Europe_2009_3.png
20090821-1432-devhawk-world-tour-fy2010,http://microsoftpdc.com/content/images/creative/PDC09Bling_General_WhatsNext_136.jpg,D:\dev\DevHawk\Posts\20090821-1432-devhawk-world-tour-fy2010\PDC09Bling_General_WhatsNext_136.jpg
20090821-1432-devhawk-world-tour-fy2010,http://s3.amazonaws.com/devhawk_images/WindowsLiveWriter/DevHawkWorldTourFY2010_C89F/pycon_logo_thumb.gif,D:\dev\DevHawk\Posts\20090821-1432-devhawk-world-tour-fy2010\pycon_logo_thumb.gif
20090821-1432-devhawk-world-tour-fy2010,http://s3.amazonaws.com/devhawk_images/WindowsLiveWriter/DevHawkWorldTourFY2010_C89F/n79454152413_3738_2.png,D:\dev\DevHawk\Posts\20090821-1432-devhawk-world-tour-fy2010\n79454152413_3738_2.png
20090821-1432-devhawk-world-tour-fy2010,http://s3.amazonaws.com/devhawk_images/WindowsLiveWriter/DevHawkWorldTourFY2010_C89F/pycon_logo_2.gif,D:\dev\DevHawk\Posts\20090821-1432-devhawk-world-tour-fy2010\pycon_logo_2.gif
20090813-1639-2009-space-elevator-conference,http://upload.wikimedia.org/wikipedia/commons/thumb/e/ee/Space_elevator_structural_diagram.svg/240px-Space_elevator_structural_diagram.svg.png,D:\dev\DevHawk\Posts\20090813-1639-2009-space-elevator-conference\240px-Space_elevator_structural_diagram.svg.png
20090812-1010-invoking-python-functions-from-c-without-dynamic,http://s3.amazonaws.com/devhawk_images/WindowsLiveWriter/InvokingPythonFunctionsfromCWithoutDynam_13C34/image_thumb.png,D:\dev\DevHawk\Posts\20090812-1010-invoking-python-functions-from-c-without-dynamic\image_thumb.png
20090812-1010-invoking-python-functions-from-c-without-dynamic,http://s3.amazonaws.com/devhawk_images/WindowsLiveWriter/InvokingPythonFunctionsfromCWithoutDynam_13C34/image_2.png,D:\dev\DevHawk\Posts\20090812-1010-invoking-python-functions-from-c-without-dynamic\image_2.png
20090811-0924-embedding-python-scripts-in-c-applications,http://s3.amazonaws.com/devhawk_images/WindowsLiveWriter/8d7a6d959c67_6D72/image_thumb_1.png,D:\dev\DevHawk\Posts\20090811-0924-embedding-python-scripts-in-c-applications\image_thumb_1.png
20090810-1116-compiling-python-packages-into-assemblies,http://s3.amazonaws.com/devhawk_images/WindowsLiveWriter/970048722e75_E4A5/image_thumb.png,D:\dev\DevHawk\Posts\20090810-1116-compiling-python-packages-into-assemblies\image_thumb.png
20090810-1116-compiling-python-packages-into-assemblies,http://s3.amazonaws.com/devhawk_images/WindowsLiveWriter/970048722e75_E4A5/image_5.png,D:\dev\DevHawk\Posts\20090810-1116-compiling-python-packages-into-assemblies\image_5.png
20090810-0804-building-a-hybrid-c-ironpython-app-without-dynamic-type,http://s3.amazonaws.com/devhawk_images/WindowsLiveWriter/CallingIronPythonfromCWithouttheDynamicT_E49B/pygments_logo_55f6722f-70ee-4d75-8781-b5d547dd3f72.png,D:\dev\DevHawk\Posts\20090810-0804-building-a-hybrid-c-ironpython-app-without-dynamic-type\pygments_logo_55f6722f-70ee-4d75-8781-b5d547dd3f72.png
20090810-0804-building-a-hybrid-c-ironpython-app-without-dynamic-type,http://s3.amazonaws.com/devhawk_images/WindowsLiveWriter/CallingIronPythonfromCWithouttheDynamicT_E49B/image_thumb_2.png,D:\dev\DevHawk\Posts\20090810-0804-building-a-hybrid-c-ironpython-app-without-dynamic-type\image_thumb_2.png
20090810-0804-building-a-hybrid-c-ironpython-app-without-dynamic-type,http://s3.amazonaws.com/devhawk_images/WindowsLiveWriter/CallingIronPythonfromCWithouttheDynamicT_E49B/image_6.png,D:\dev\DevHawk\Posts\20090810-0804-building-a-hybrid-c-ironpython-app-without-dynamic-type\image_6.png
20090715-1712-architecture-astronauts-and-over-engineers,http://dilbert.com/dyn/str_strip/000000000/00000000/0000000/000000/00000/1000/800/1890/1890.strip.gif,D:\dev\DevHawk\Posts\20090715-1712-architecture-astronauts-and-over-engineers\1890.strip.gif
20090713-1037-probably-wrong-info-is-worse-than-no-info-at-all,http://dilbert.com/dyn/str_strip/000000000/00000000/0000000/000000/60000/0000/300/60359/60359.strip.sunday.gif,D:\dev\DevHawk\Posts\20090713-1037-probably-wrong-info-is-worse-than-no-info-at-all\60359.strip.sunday.gif
20090603-1617-strengthening-the-microsoft-ecosystem-with-source-code,http://s3.amazonaws.com/devhawk_images/WindowsLiveWriter/af4c4ff204c4_C655/clip_image001_thumb.jpg,D:\dev\DevHawk\Posts\20090603-1617-strengthening-the-microsoft-ecosystem-with-source-code\clip_image001_thumb.jpg
20090603-1617-strengthening-the-microsoft-ecosystem-with-source-code,http://s3.amazonaws.com/devhawk_images/WindowsLiveWriter/StrengtheningourSoftwareEcosystemwithSou_E1A2/Slide1_thumb.png,D:\dev\DevHawk\Posts\20090603-1617-strengthening-the-microsoft-ecosystem-with-source-code\Slide1_thumb.png
20090603-1617-strengthening-the-microsoft-ecosystem-with-source-code,http://s3.amazonaws.com/devhawk_images/WindowsLiveWriter/StrengtheningourSoftwareEcosystemwithSou_E1A2/Slide2_thumb.png,D:\dev\DevHawk\Posts\20090603-1617-strengthening-the-microsoft-ecosystem-with-source-code\Slide2_thumb.png
20090603-1617-strengthening-the-microsoft-ecosystem-with-source-code,http://s3.amazonaws.com/devhawk_images/WindowsLiveWriter/StrengtheningourSoftwareEcosystemwithSou_E1A2/Slide3_thumb.png,D:\dev\DevHawk\Posts\20090603-1617-strengthening-the-microsoft-ecosystem-with-source-code\Slide3_thumb.png
20090603-1617-strengthening-the-microsoft-ecosystem-with-source-code,http://s3.amazonaws.com/devhawk_images/WindowsLiveWriter/StrengtheningourSoftwareEcosystemwithSou_E1A2/Slide4_thumb.png,D:\dev\DevHawk\Posts\20090603-1617-strengthening-the-microsoft-ecosystem-with-source-code\Slide4_thumb.png
20090603-1617-strengthening-the-microsoft-ecosystem-with-source-code,http://s3.amazonaws.com/devhawk_images/WindowsLiveWriter/StrengtheningourSoftwareEcosystemwithSou_E1A2/Slide5_thumb.png,D:\dev\DevHawk\Posts\20090603-1617-strengthening-the-microsoft-ecosystem-with-source-code\Slide5_thumb.png
20090603-1617-strengthening-the-microsoft-ecosystem-with-source-code,http://s3.amazonaws.com/devhawk_images/WindowsLiveWriter/StrengtheningourSoftwareEcosystemwithSou_E1A2/Slide6_thumb.png,D:\dev\DevHawk\Posts\20090603-1617-strengthening-the-microsoft-ecosystem-with-source-code\Slide6_thumb.png
20090603-1617-strengthening-the-microsoft-ecosystem-with-source-code,http://s3.amazonaws.com/devhawk_images/WindowsLiveWriter/StrengtheningourSoftwareEcosystemwithSou_E1A2/Slide1.png,D:\dev\DevHawk\Posts\20090603-1617-strengthening-the-microsoft-ecosystem-with-source-code\Slide1.png
20090603-1617-strengthening-the-microsoft-ecosystem-with-source-code,http://s3.amazonaws.com/devhawk_images/WindowsLiveWriter/StrengtheningourSoftwareEcosystemwithSou_E1A2/Slide2.png,D:\dev\DevHawk\Posts\20090603-1617-strengthening-the-microsoft-ecosystem-with-source-code\Slide2.png
20090603-1617-strengthening-the-microsoft-ecosystem-with-source-code,http://s3.amazonaws.com/devhawk_images/WindowsLiveWriter/StrengtheningourSoftwareEcosystemwithSou_E1A2/Slide3.png,D:\dev\DevHawk\Posts\20090603-1617-strengthening-the-microsoft-ecosystem-with-source-code\Slide3.png
20090603-1617-strengthening-the-microsoft-ecosystem-with-source-code,http://s3.amazonaws.com/devhawk_images/WindowsLiveWriter/StrengtheningourSoftwareEcosystemwithSou_E1A2/Slide4.png,D:\dev\DevHawk\Posts\20090603-1617-strengthening-the-microsoft-ecosystem-with-source-code\Slide4.png
20090603-1617-strengthening-the-microsoft-ecosystem-with-source-code,http://s3.amazonaws.com/devhawk_images/WindowsLiveWriter/StrengtheningourSoftwareEcosystemwithSou_E1A2/Slide5.png,D:\dev\DevHawk\Posts\20090603-1617-strengthening-the-microsoft-ecosystem-with-source-code\Slide5.png
20090603-1617-strengthening-the-microsoft-ecosystem-with-source-code,http://s3.amazonaws.com/devhawk_images/WindowsLiveWriter/StrengtheningourSoftwareEcosystemwithSou_E1A2/Slide6.png,D:\dev\DevHawk\Posts\20090603-1617-strengthening-the-microsoft-ecosystem-with-source-code\Slide6.png
20090518-1423-microsoft-and-open-source,http://s3.amazonaws.com/devhawk_images/WindowsLiveWriter/af4c4ff204c4_C655/clip_image001_thumb.jpg,D:\dev\DevHawk\Posts\20090518-1423-microsoft-and-open-source\clip_image001_thumb.jpg
20090518-1423-microsoft-and-open-source,http://deepfriedbytes.com/files/media/image/WindowsLiveWriter/Media_8AE9/image_thumb_4.png,D:\dev\DevHawk\Posts\20090518-1423-microsoft-and-open-source\image_thumb_4.png
20090518-1423-microsoft-and-open-source,http://s3.amazonaws.com/devhawk_images/WindowsLiveWriter/af4c4ff204c4_C655/clip_image001_2.jpg,D:\dev\DevHawk\Posts\20090518-1423-microsoft-and-open-source\clip_image001_2.jpg
20090505-2029-happy-birthday-riley,http://s3.amazonaws.com/devhawk_images/WindowsLiveWriter/HappyBirthdayRiley_11F3F/P4260161_thumb.jpg,D:\dev\DevHawk\Posts\20090505-2029-happy-birthday-riley\P4260161_thumb.jpg
20090505-2029-happy-birthday-riley,http://s3.amazonaws.com/devhawk_images/WindowsLiveWriter/HappyBirthdayRiley_11F3F/P4260161.jpg,D:\dev\DevHawk\Posts\20090505-2029-happy-birthday-riley\P4260161.jpg
20090503-0952-the-save,http://s3.amazonaws.com/devhawk_images/WindowsLiveWriter/TheSave_8ADC/3495284608_79fb1c569d_o_3.jpg,D:\dev\DevHawk\Posts\20090503-0952-the-save\3495284608_79fb1c569d_o_3.jpg
20090401-1455-writing-an-ironpython-debugger-command-routing,http://devhawk.net/wp-includes/images/smilies/icon_smile.gif,D:\dev\DevHawk\Posts\20090401-1455-writing-an-ironpython-debugger-command-routing\icon_smile.gif
20090324-2325-agdlr-0-5,http://s3.amazonaws.com/devhawk_images/WindowsLiveWriter/AgDLR0.5_1433D/agdlr-400_3.png,D:\dev\DevHawk\Posts\20090324-2325-agdlr-0-5\agdlr-400_3.png
20090324-2325-agdlr-0-5,http://devhawk.net/wp-includes/images/smilies/icon_smile.gif,D:\dev\DevHawk\Posts\20090324-2325-agdlr-0-5\icon_smile.gif
20090319-1548-writing-an-ironpython-debugger-colorful-console,http://s3.amazonaws.com/devhawk_images/WindowsLiveWriter/WritinganIronPythonDebuggerColorfulConso_D87F/image_thumb_1.png,D:\dev\DevHawk\Posts\20090319-1548-writing-an-ironpython-debugger-colorful-console\image_thumb_1.png
20090319-1548-writing-an-ironpython-debugger-colorful-console,http://s3.amazonaws.com/devhawk_images/WindowsLiveWriter/WritinganIronPythonDebuggerColorfulConso_D87F/image_thumb_2.png,D:\dev\DevHawk\Posts\20090319-1548-writing-an-ironpython-debugger-colorful-console\image_thumb_2.png
20090319-1548-writing-an-ironpython-debugger-colorful-console,http://s3.amazonaws.com/devhawk_images/WindowsLiveWriter/WritinganIronPythonDebuggerColorfulConso_D87F/image_thumb_3.png,D:\dev\DevHawk\Posts\20090319-1548-writing-an-ironpython-debugger-colorful-console\image_thumb_3.png
20090319-1548-writing-an-ironpython-debugger-colorful-console,http://s3.amazonaws.com/devhawk_images/WindowsLiveWriter/WritinganIronPythonDebuggerColorfulConso_D87F/image_4.png,D:\dev\DevHawk\Posts\20090319-1548-writing-an-ironpython-debugger-colorful-console\image_4.png
20090319-1548-writing-an-ironpython-debugger-colorful-console,http://s3.amazonaws.com/devhawk_images/WindowsLiveWriter/WritinganIronPythonDebuggerColorfulConso_D87F/image_6.png,D:\dev\DevHawk\Posts\20090319-1548-writing-an-ironpython-debugger-colorful-console\image_6.png
20090319-1548-writing-an-ironpython-debugger-colorful-console,http://s3.amazonaws.com/devhawk_images/WindowsLiveWriter/WritinganIronPythonDebuggerColorfulConso_D87F/image_8.png,D:\dev\DevHawk\Posts\20090319-1548-writing-an-ironpython-debugger-colorful-console\image_8.png
20090319-1458-writing-an-ironpython-debugger-showing-source-code,http://devhawk.net/wp-includes/images/smilies/icon_smile.gif,D:\dev\DevHawk\Posts\20090319-1458-writing-an-ironpython-debugger-showing-source-code\icon_smile.gif
20090227-1533-writing-an-ironpython-debugger-mdbg-101,http://s3.amazonaws.com/devhawk_images/WindowsLiveWriter/WritinganIronPythonDebuggerMDbg101_DAA3/image_5.png,D:\dev\DevHawk\Posts\20090227-1533-writing-an-ironpython-debugger-mdbg-101\image_5.png
20090218-2127-caps-4-canadians-3-so,http://s3.amazonaws.com/devhawk_images/WindowsLiveWriter/Caps4Canadians3SO_655/1k73u-34dd2010d2b88ae59d73e34440148648.499ce477[1]_3.jpg,D:\dev\DevHawk\Posts\20090218-2127-caps-4-canadians-3-so\1k73u-34dd2010d2b88ae59d73e34440148648.499ce477[1]_3.jpg
20090121-0954-thoughts-from-inauguration-day,http://devhawk.net/wp-includes/images/smilies/icon_smile.gif,D:\dev\DevHawk\Posts\20090121-0954-thoughts-from-inauguration-day\icon_smile.gif
20090108-1119-kid-programming-with-kodu-coming-to-xbox-360,http://s3.amazonaws.com/devhawk_images/WindowsLiveWriter/KidProgrammingwithKoduComingtoXbox360_9F23/kodu_guy_5.jpg,D:\dev\DevHawk\Posts\20090108-1119-kid-programming-with-kodu-coming-to-xbox-360\kodu_guy_5.jpg
20090108-1119-kid-programming-with-kodu-coming-to-xbox-360,http://research.microsoft.com/en-us/projects/kodu/programming_ui.jpg,D:\dev\DevHawk\Posts\20090108-1119-kid-programming-with-kodu-coming-to-xbox-360\programming_ui.jpg
20081211-1649-ironpython-rtm-news-gets-around,http://s3.amazonaws.com/devhawk_images/WindowsLiveWriter/IronPythonRTMNewsGetsAround_EC8A/msdn Home_3.png,D:\dev\DevHawk\Posts\20081211-1649-ironpython-rtm-news-gets-around\msdn Home_3.png
20081211-1649-ironpython-rtm-news-gets-around,http://s3.amazonaws.com/devhawk_images/WindowsLiveWriter/IronPythonRTMNewsGetsAround_EC8A/VS home_3.png,D:\dev\DevHawk\Posts\20081211-1649-ironpython-rtm-news-gets-around\VS home_3.png
20081210-1457-ipy-rtw-ftw,http://s3.amazonaws.com/devhawk_images/WindowsLiveWriter/IPyRTWFTW_C47D/image_5.png,D:\dev\DevHawk\Posts\20081210-1457-ipy-rtw-ftw\image_5.png
20081121-1053-resolver-one-1-3-released,http://s3.amazonaws.com/devhawk_images/WindowsLiveWriter/ResolverOne1.3Released_8D03/ResolverLogo_thumb.png,D:\dev\DevHawk\Posts\20081121-1053-resolver-one-1-3-released\ResolverLogo_thumb.png
20081121-1053-resolver-one-1-3-released,http://s3.amazonaws.com/devhawk_images/WindowsLiveWriter/ResolverOne1.3Released_8D03/ResolverLogo_2.png,D:\dev\DevHawk\Posts\20081121-1053-resolver-one-1-3-released\ResolverLogo_2.png
20081120-1457-ironpython-and-wpf-background-processing-revisited,http://devhawk.net/wp-includes/images/smilies/icon_smile.gif,D:\dev\DevHawk\Posts\20081120-1457-ironpython-and-wpf-background-processing-revisited\icon_smile.gif
20081112-1718-ironpython-and-wpf-part-1-introduction,http://s3.amazonaws.com/devhawk_images/WindowsLiveWriter/IronPythonandWPF_EFC4/image_thumb_1.png,D:\dev\DevHawk\Posts\20081112-1718-ironpython-and-wpf-part-1-introduction\image_thumb_1.png
20081112-1718-ironpython-and-wpf-part-1-introduction,http://s3.amazonaws.com/devhawk_images/WindowsLiveWriter/IronPythonandWPF_EFC4/image_4.png,D:\dev\DevHawk\Posts\20081112-1718-ironpython-and-wpf-part-1-introduction\image_4.png
20081104-1221-election-day-2008,http://devhawk.net/wp-includes/images/smilies/icon_smile.gif,D:\dev\DevHawk\Posts\20081104-1221-election-day-2008\icon_smile.gif
20081021-1242-the-fifth-assembly,http://s3.amazonaws.com/devhawk_images/WindowsLiveWriter/TheFifthAssembly_B085/image_thumb.png,D:\dev\DevHawk\Posts\20081021-1242-the-fifth-assembly\image_thumb.png
20081021-1242-the-fifth-assembly,http://s3.amazonaws.com/devhawk_images/WindowsLiveWriter/TheFifthAssembly_B085/image_thumb_1.png,D:\dev\DevHawk\Posts\20081021-1242-the-fifth-assembly\image_thumb_1.png
20081021-1242-the-fifth-assembly,http://s3.amazonaws.com/devhawk_images/WindowsLiveWriter/TheFifthAssembly_B085/image_2.png,D:\dev\DevHawk\Posts\20081021-1242-the-fifth-assembly\image_2.png
20081021-1242-the-fifth-assembly,http://s3.amazonaws.com/devhawk_images/WindowsLiveWriter/TheFifthAssembly_B085/image_4.png,D:\dev\DevHawk\Posts\20081021-1242-the-fifth-assembly\image_4.png
20080912-1320-afternoon-coffee-174,http://devhawk.net/wp-includes/images/smilies/icon_smile.gif,D:\dev\DevHawk\Posts\20080912-1320-afternoon-coffee-174\icon_smile.gif
20080912-1320-afternoon-coffee-174,http://devhawk.net/wp-includes/images/smilies/icon_smile.gif,D:\dev\DevHawk\Posts\20080912-1320-afternoon-coffee-174\icon_smile.gif
20080721-1205-five-minutes-past-noon-coffee-170,http://devhawk.net/wp-includes/images/smilies/icon_smile.gif,D:\dev\DevHawk\Posts\20080721-1205-five-minutes-past-noon-coffee-170\icon_smile.gif
20080717-1052-morning-coffee-169,http://bp2.blogger.com/_LtbODdut650/SHlJgiq937I/AAAAAAAAC6Q/0N2qfraAh6Y/s400/071208_development_camp+009.JPG,D:\dev\DevHawk\Posts\20080717-1052-morning-coffee-169\071208_development_camp+009.JPG
20080715-1042-morning-coffee-168-e3-edition,http://devhawk.net/wp-includes/images/smilies/icon_sad.gif,D:\dev\DevHawk\Posts\20080715-1042-morning-coffee-168-e3-edition\icon_sad.gif
20080616-1013-morning-coffee-post-vacation-edition,http://devhawk.net/wp-includes/images/smilies/icon_smile.gif,D:\dev\DevHawk\Posts\20080616-1013-morning-coffee-post-vacation-edition\icon_smile.gif
20080516-1541-devhawk-world-tour-2008,http://s3.amazonaws.com/devhawk_images/WindowsLiveWriter/DevHawkWorldTour2008_DC84/dutchdevdays_3.jpg,D:\dev\DevHawk\Posts\20080516-1541-devhawk-world-tour-2008\dutchdevdays_3.jpg
20080516-1541-devhawk-world-tour-2008,http://devhawk.net/wp-includes/images/smilies/icon_smile.gif,D:\dev\DevHawk\Posts\20080516-1541-devhawk-world-tour-2008\icon_smile.gif
20080516-1541-devhawk-world-tour-2008,http://s3.amazonaws.com/devhawk_images/WindowsLiveWriter/DevHawkWorldTour2008_DC84/teched_3.jpg,D:\dev\DevHawk\Posts\20080516-1541-devhawk-world-tour-2008\teched_3.jpg
20080516-1541-devhawk-world-tour-2008,http://s3.amazonaws.com/devhawk_images/WindowsLiveWriter/DevHawkWorldTour2008_DC84/pdc_flair_thumb.jpg,D:\dev\DevHawk\Posts\20080516-1541-devhawk-world-tour-2008\pdc_flair_thumb.jpg
20080516-1541-devhawk-world-tour-2008,http://s3.amazonaws.com/devhawk_images/WindowsLiveWriter/DevHawkWorldTour2008_9B9F/pnpSummitHero_ba4d0b19-a8c8-4db7-b1ff-79ceffba7109.jpg,D:\dev\DevHawk\Posts\20080516-1541-devhawk-world-tour-2008\pnpSummitHero_ba4d0b19-a8c8-4db7-b1ff-79ceffba7109.jpg
20080516-1541-devhawk-world-tour-2008,http://s3.amazonaws.com/devhawk_images/WindowsLiveWriter/DevHawkWorldTour2008_DC84/pdc_flair_2.jpg,D:\dev\DevHawk\Posts\20080516-1541-devhawk-world-tour-2008\pdc_flair_2.jpg
20080506-1737-deserializing-xml-with-ironpython,http://devhawk.net/wp-includes/images/smilies/icon_wink.gif,D:\dev\DevHawk\Posts\20080506-1737-deserializing-xml-with-ironpython\icon_wink.gif
20080505-2348-rare-insight-into-the-ipy-team,http://devhawk.net/wp-includes/images/smilies/icon_smile.gif,D:\dev\DevHawk\Posts\20080505-2348-rare-insight-into-the-ipy-team\icon_smile.gif
20080505-2348-rare-insight-into-the-ipy-team,http://devhawk.net/wp-includes/images/smilies/icon_smile.gif,D:\dev\DevHawk\Posts\20080505-2348-rare-insight-into-the-ipy-team\icon_smile.gif
20080505-2348-rare-insight-into-the-ipy-team,http://devhawk.net/wp-includes/images/smilies/icon_smile.gif,D:\dev\DevHawk\Posts\20080505-2348-rare-insight-into-the-ipy-team\icon_smile.gif
20080505-2348-rare-insight-into-the-ipy-team,http://devhawk.net/wp-includes/images/smilies/icon_smile.gif,D:\dev\DevHawk\Posts\20080505-2348-rare-insight-into-the-ipy-team\icon_smile.gif
20080505-2348-rare-insight-into-the-ipy-team,http://devhawk.net/wp-includes/images/smilies/icon_smile.gif,D:\dev\DevHawk\Posts\20080505-2348-rare-insight-into-the-ipy-team\icon_smile.gif
20080505-2348-rare-insight-into-the-ipy-team,http://devhawk.net/wp-includes/images/smilies/icon_smile.gif,D:\dev\DevHawk\Posts\20080505-2348-rare-insight-into-the-ipy-team\icon_smile.gif
20080505-2348-rare-insight-into-the-ipy-team,http://devhawk.net/wp-includes/images/smilies/icon_smile.gif,D:\dev\DevHawk\Posts\20080505-2348-rare-insight-into-the-ipy-team\icon_smile.gif
20080505-2348-rare-insight-into-the-ipy-team,http://devhawk.net/wp-includes/images/smilies/icon_smile.gif,D:\dev\DevHawk\Posts\20080505-2348-rare-insight-into-the-ipy-team\icon_smile.gif
20080505-2348-rare-insight-into-the-ipy-team,http://devhawk.net/wp-includes/images/smilies/icon_smile.gif,D:\dev\DevHawk\Posts\20080505-2348-rare-insight-into-the-ipy-team\icon_smile.gif
20080414-1012-rents-rock-the-red,http://s3.amazonaws.com/devhawk_images/WindowsLiveWriter/rentsRocktheRed_8F6C/clip_image001_3.jpg,D:\dev\DevHawk\Posts\20080414-1012-rents-rock-the-red\clip_image001_3.jpg
20080411-2343-caps-win-game-one-with-a-three-goal-third,http://devhawk.net/wp-includes/images/smilies/icon_smile.gif,D:\dev\DevHawk\Posts\20080411-2343-caps-win-game-one-with-a-three-goal-third\icon_smile.gif
20080411-2343-caps-win-game-one-with-a-three-goal-third,http://s3.amazonaws.com/devhawk_images/WindowsLiveWriter/CapsWinGameOneWithaThreeGoalThird_14DA8/ovechkin-alex-ap-080411_3.jpg,D:\dev\DevHawk\Posts\20080411-2343-caps-win-game-one-with-a-three-goal-third\ovechkin-alex-ap-080411_3.jpg
20080407-0939-morning-coffee-161,http://devhawk.net/wp-includes/images/smilies/icon_smile.gif,D:\dev\DevHawk\Posts\20080407-0939-morning-coffee-161\icon_smile.gif
20080407-0939-morning-coffee-161,http://devhawk.net/wp-includes/images/smilies/icon_smile.gif,D:\dev\DevHawk\Posts\20080407-0939-morning-coffee-161\icon_smile.gif
20080405-1919-rock-the-red,http://s3.amazonaws.com/devhawk_images/WindowsLiveWriter/RocktheRed_10D93/Conque(red)_3.jpg,D:\dev\DevHawk\Posts\20080405-1919-rock-the-red\Conque(red)_3.jpg
20080405-1919-rock-the-red,http://s3.amazonaws.com/devhawk_images/WindowsLiveWriter/RocktheRed_10D93/rock_the_red_3.png,D:\dev\DevHawk\Posts\20080405-1919-rock-the-red\rock_the_red_3.png
20080302-2352-what-is-the-roi-on-ea,http://devhawk.net/wp-includes/images/smilies/icon_smile.gif,D:\dev\DevHawk\Posts\20080302-2352-what-is-the-roi-on-ea\icon_smile.gif
20080219-1129-morning-coffee-147,http://by1.storage.msn.com/y1pMojGt8Z55XYH8wm1SslOfDyfgzPo3GCieyeuqZwr_FSPb75pGoNOFj7KY_4JYXrsS40rxjsYEI54M_OH-ZuTdYzawyF3GAi4?PARTNER=WRITER,D:\dev\DevHawk\Posts\20080219-1129-morning-coffee-147\PatrickAndJack.jpg
20080219-1129-morning-coffee-147,http://devhawk.net/wp-includes/images/smilies/icon_sad.gif,D:\dev\DevHawk\Posts\20080219-1129-morning-coffee-147\icon_sad.gif
20080131-1025-morning-coffee-141-lang-net-08-edition,http://s3.amazonaws.com/devhawk_images/WindowsLiveWriter/MorningCoffee141Lang.NET08Edition_9277/header_thumb.jpg,D:\dev\DevHawk\Posts\20080131-1025-morning-coffee-141-lang-net-08-edition\header_thumb.jpg
20080131-1025-morning-coffee-141-lang-net-08-edition,http://s3.amazonaws.com/devhawk_images/WindowsLiveWriter/MorningCoffee141Lang.NET08Edition_9277/header_2.jpg,D:\dev\DevHawk\Posts\20080131-1025-morning-coffee-141-lang-net-08-edition\header_2.jpg
20080121-2242-caps-6-penguins-5-so,http://devhawk.net/wp-includes/images/smilies/icon_smile.gif,D:\dev\DevHawk\Posts\20080121-2242-caps-6-penguins-5-so\icon_smile.gif
20071125-2325-fans4writers,http://s3.amazonaws.com/devhawk_images/wga-support.png,D:\dev\DevHawk\Posts\20071125-2325-fans4writers\wga-support.png
20070808-1015-morning-coffee-109,http://devhawk.net/wp-includes/images/smilies/icon_smile.gif,D:\dev\DevHawk\Posts\20070808-1015-morning-coffee-109\icon_smile.gif
20070802-1426-where-have-all-the-soa-mashups-gone,http://devhawk.net/wp-includes/images/smilies/icon_wink.gif,D:\dev\DevHawk\Posts\20070802-1426-where-have-all-the-soa-mashups-gone\icon_wink.gif
20070802-1426-where-have-all-the-soa-mashups-gone,http://devhawk.net/wp-includes/images/smilies/icon_wink.gif,D:\dev\DevHawk\Posts\20070802-1426-where-have-all-the-soa-mashups-gone\icon_wink.gif
20070726-1348-the-durable-messaging-debate-continues,http://devhawk.net/wp-includes/images/smilies/icon_smile.gif,D:\dev\DevHawk\Posts\20070726-1348-the-durable-messaging-debate-continues\icon_smile.gif
20070723-0815-morning-coffee-104,http://devhawk.net/wp-includes/images/smilies/icon_smile.gif,D:\dev\DevHawk\Posts\20070723-0815-morning-coffee-104\icon_smile.gif
20070720-1148-morning-coffee-103,http://s3.amazonaws.com/devhawk_images/WindowsLiveWriter/db4b61b806d0_EC23/NHL08_crosbydown_1.jpg,D:\dev\DevHawk\Posts\20070720-1148-morning-coffee-103\NHL08_crosbydown_1.jpg
20070622-0950-morning-coffee-93,http://s3.amazonaws.com/devhawk_images/WindowsLiveWriter/b1af0a59d47f_D650/newcapsjersey_1.jpg,D:\dev\DevHawk\Posts\20070622-0950-morning-coffee-93\newcapsjersey_1.jpg
20070620-1203-morning-coffee-92,http://s3.amazonaws.com/devhawk_images/WindowsLiveWriter/MorningCoffee92_A997/IMAGE_00062_thumb.jpg,D:\dev\DevHawk\Posts\20070620-1203-morning-coffee-92\IMAGE_00062_thumb.jpg
20070620-1203-morning-coffee-92,http://s3.amazonaws.com/devhawk_images/WindowsLiveWriter/MorningCoffee92_A997/IMAGE_00062.jpg,D:\dev\DevHawk\Posts\20070620-1203-morning-coffee-92\IMAGE_00062.jpg
20070614-0938-morning-coffee-90-rest-response-roundup,http://devhawk.net/wp-includes/images/smilies/icon_smile.gif,D:\dev\DevHawk\Posts\20070614-0938-morning-coffee-90-rest-response-roundup\icon_smile.gif
20070613-0957-morning-coffee-89,http://s3.amazonaws.com/devhawk_images/WindowsLiveWriter/MorningCoffee89_143E6/akira_1.jpg,D:\dev\DevHawk\Posts\20070613-0957-morning-coffee-89\akira_1.jpg
20070613-0957-morning-coffee-89,http://devhawk.net/wp-includes/images/smilies/icon_smile.gif,D:\dev\DevHawk\Posts\20070613-0957-morning-coffee-89\icon_smile.gif
20070608-0944-morning-doughnuts-11,http://devhawk.net/wp-includes/images/smilies/icon_smile.gif,D:\dev\DevHawk\Posts\20070608-0944-morning-doughnuts-11\icon_smile.gif
20070606-1231-lunchtime-doughnuts-9,http://devhawk.net/wp-includes/images/smilies/icon_smile.gif,D:\dev\DevHawk\Posts\20070606-1231-lunchtime-doughnuts-9\icon_smile.gif
20070605-0646-teched-2007-day-two-morning,http://devhawk.net/wp-includes/images/smilies/icon_smile.gif,D:\dev\DevHawk\Posts\20070605-0646-teched-2007-day-two-morning\icon_smile.gif
20070523-1101-morning-coffee-82,http://devhawk.net/wp-includes/images/smilies/icon_sad.gif,D:\dev\DevHawk\Posts\20070523-1101-morning-coffee-82\icon_sad.gif
20070515-1121-making-my-mark-at-teched,http://s3.amazonaws.com/devhawk_images/teched07_120X90_v2w.jpg,D:\dev\DevHawk\Posts\20070515-1121-making-my-mark-at-teched\teched07_120X90_v2w.jpg
20070510-1030-morning-coffee-76,http://devhawk.net/wp-includes/images/smilies/icon_smile.gif,D:\dev\DevHawk\Posts\20070510-1030-morning-coffee-76\icon_smile.gif
20070509-1408-that-deaf-dumb-and-blind-kid-sure-plays-a-mean-pinball,http://s3.amazonaws.com/devhawk_images/WindowsLiveWriter/Capt.WalkerDidntComeHome_B646/TOMMY_pre-press_3.jpg,D:\dev\DevHawk\Posts\20070509-1408-that-deaf-dumb-and-blind-kid-sure-plays-a-mean-pinball\TOMMY_pre-press_3.jpg
20070411-1042-morning-coffee-61,http://devhawk.net/wp-includes/images/smilies/icon_smile.gif,D:\dev\DevHawk\Posts\20070411-1042-morning-coffee-61\icon_smile.gif
20070403-1107-morning-coffee-56,http://devhawk.net/wp-includes/images/smilies/icon_smile.gif,D:\dev\DevHawk\Posts\20070403-1107-morning-coffee-56\icon_smile.gif
20070315-1144-answering-dr-nicks-questions-on-ssb-wcf,http://devhawk.net/wp-includes/images/smilies/icon_smile.gif,D:\dev\DevHawk\Posts\20070315-1144-answering-dr-nicks-questions-on-ssb-wcf\icon_smile.gif
20070219-2144-reliably-beating-a-dead-horse,http://s3.amazonaws.com/devhawk_images/WindowsLiveWriter/ReliablyBeatingaDeadHorse_131B9/image{0}_thumb.png,D:\dev\DevHawk\Posts\20070219-2144-reliably-beating-a-dead-horse\image{0}_thumb.png
20070219-2144-reliably-beating-a-dead-horse,http://s3.amazonaws.com/devhawk_images/WindowsLiveWriter/ReliablyBeatingaDeadHorse_131B9/image{0}[2].png,D:\dev\DevHawk\Posts\20070219-2144-reliably-beating-a-dead-horse\image{0}[2].png
20070216-0816-morning-doughnuts-1,http://s3.amazonaws.com/devhawk_images/WindowsLiveWriter/MorningDoughnuts1_7442/image{0}_thumb[1].png,D:\dev\DevHawk\Posts\20070216-0816-morning-doughnuts-1\image{0}_thumb[1].png
20070216-0816-morning-doughnuts-1,http://s3.amazonaws.com/devhawk_images/WindowsLiveWriter/MorningDoughnuts1_7442/image{0}[3].png,D:\dev\DevHawk\Posts\20070216-0816-morning-doughnuts-1\image{0}[3].png
20070125-1559-binding-across-states-in-wf,http://s3.amazonaws.com/devhawk_images/WindowsLiveWriter/BindingAcrossStatesinWF_E0EC/BindDialog[5].gif,D:\dev\DevHawk\Posts\20070125-1559-binding-across-states-in-wf\BindDialog[5].gif
20070125-0928-morning-coffee-17,http://devhawk.net/wp-includes/images/smilies/icon_smile.gif,D:\dev\DevHawk\Posts\20070125-0928-morning-coffee-17\icon_smile.gif
20070118-0947-morning-coffee-12,http://devhawk.net/wp-includes/images/smilies/icon_smile.gif,D:\dev\DevHawk\Posts\20070118-0947-morning-coffee-12\icon_smile.gif
20070111-1607-playing-in-the-snow,http://s3.amazonaws.com/devhawk_images/WindowsLiveWriter/PlayingintheSnow_E1E4/IMG_5869_thumb[4].jpg,D:\dev\DevHawk\Posts\20070111-1607-playing-in-the-snow\IMG_5869_thumb[4].jpg
20070111-1607-playing-in-the-snow,http://s3.amazonaws.com/devhawk_images/WindowsLiveWriter/PlayingintheSnow_E1E4/IMG_5869[6].jpg,D:\dev\DevHawk\Posts\20070111-1607-playing-in-the-snow\IMG_5869[6].jpg
20070102-0941-morning-coffee-1,http://devhawk.net/wp-includes/images/smilies/icon_smile.gif,D:\dev\DevHawk\Posts\20070102-0941-morning-coffee-1\icon_smile.gif
20061120-1357-patrick-and-daddys-xbox,http://s3.amazonaws.com/devhawk_images/WindowsLiveWriter/0995b2a57c40_9C5C/xboxlogo[12].gif,D:\dev\DevHawk\Posts\20061120-1357-patrick-and-daddys-xbox\xboxlogo[12].gif
20061120-1357-patrick-and-daddys-xbox,http://s3.amazonaws.com/devhawk_images/WindowsLiveWriter/0995b2a57c40_9C5C/vivapinatalogo[5].gif,D:\dev\DevHawk\Posts\20061120-1357-patrick-and-daddys-xbox\vivapinatalogo[5].gif
20061120-1357-patrick-and-daddys-xbox,http://s3.amazonaws.com/devhawk_images/WindowsLiveWriter/0995b2a57c40_9C5C/XnaLogo[11].gif,D:\dev\DevHawk\Posts\20061120-1357-patrick-and-daddys-xbox\XnaLogo[11].gif
20061109-1101-common-ground-with-my-conservative-teammates,http://s3.amazonaws.com/devhawk_images/WindowsLiveWriter/fd35dc67084e_91BE/IMAGE_00014_thumb[13].jpg,D:\dev\DevHawk\Posts\20061109-1101-common-ground-with-my-conservative-teammates\IMAGE_00014_thumb[13].jpg
20061109-1101-common-ground-with-my-conservative-teammates,http://s3.amazonaws.com/devhawk_images/WindowsLiveWriter/fd35dc67084e_91BE/IMAGE_00014[15].jpg,D:\dev\DevHawk\Posts\20061109-1101-common-ground-with-my-conservative-teammates\IMAGE_00014[15].jpg
20060929-1715-new-version-of-gamer-card-writer-plugin,http://s3.amazonaws.com/devhawk_images/WindowsLiveWriter/NewVersionofGamerCardWriterPlugin_C9B8/LARGE[1][7].jpg,D:\dev\DevHawk\Posts\20060929-1715-new-version-of-gamer-card-writer-plugin\LARGE[1][7].jpg
20060929-1703-working-from-home-as-the-office-moves,http://s3.amazonaws.com/devhawk_images/WindowsLiveWriter/WorkingFromHomeAsTheOfficeMoves_72FB/map09acefc72c79.jpg,D:\dev\DevHawk\Posts\20060929-1703-working-from-home-as-the-office-moves\map09acefc72c79.jpg
20060927-1611-thoughts-on-the-soa-workshop,http://devhawk.net/wp-includes/images/smilies/icon_smile.gif,D:\dev\DevHawk\Posts\20060927-1611-thoughts-on-the-soa-workshop\icon_smile.gif
20060915-1648-gamer-card-plugin-for-wl-writer,http://s3.amazonaws.com/devhawk_images/GamerCardPluginScreenShot.jpg,D:\dev\DevHawk\Posts\20060915-1648-gamer-card-plugin-for-wl-writer\GamerCardPluginScreenShot.jpg
20060915-1648-gamer-card-plugin-for-wl-writer,http://card.mygamercard.net/h2o/RayTracer.png,D:\dev\DevHawk\Posts\20060915-1648-gamer-card-plugin-for-wl-writer\RayTracer.png
20060915-1222-hawkeye-on-nhl-07,http://card.mygamercard.net/RayTracer.png,D:\dev\DevHawk\Posts\20060915-1222-hawkeye-on-nhl-07\RayTracer.png
20060915-1222-hawkeye-on-nhl-07,http://s3.amazonaws.com/devhawk_images/boxnhl07.jpg,D:\dev\DevHawk\Posts\20060915-1222-hawkeye-on-nhl-07\boxnhl07.jpg
20060801-1348-lang-net-2006-symposium,http://devhawk.net/wp-includes/images/smilies/icon_smile.gif,D:\dev\DevHawk\Posts\20060801-1348-lang-net-2006-symposium\icon_smile.gif
20060714-1152-teds-hockey-math,http://devhawk.net/wp-includes/images/smilies/icon_smile.gif,D:\dev\DevHawk\Posts\20060714-1152-teds-hockey-math\icon_smile.gif
20060706-0944-meeting-ted-leonsis,http://devhawk.net/wp-includes/images/smilies/icon_smile.gif,D:\dev\DevHawk\Posts\20060706-0944-meeting-ted-leonsis\icon_smile.gif
20060626-1452-gartner-ea-summit-day-two,http://s3.amazonaws.com/devhawk_images/img393_small.jpg,D:\dev\DevHawk\Posts\20060626-1452-gartner-ea-summit-day-two\img393_small.jpg
20060626-1452-gartner-ea-summit-day-two,http://s3.amazonaws.com/devhawk_images/img393.jpg,D:\dev\DevHawk\Posts\20060626-1452-gartner-ea-summit-day-two\img393.jpg
20060622-0928-architecture-by-powerpoint,http://devhawk.net/wp-includes/images/smilies/icon_smile.gif,D:\dev\DevHawk\Posts\20060622-0928-architecture-by-powerpoint\icon_smile.gif
20060606-1543-number-one-sydney-picture-on-windows-live-and-google,http://s3.amazonaws.com/devhawk_images/Touring Sydney Monday (58)_small.jpg,D:\dev\DevHawk\Posts\20060606-1543-number-one-sydney-picture-on-windows-live-and-google\Touring Sydney Monday (58)_small.jpg
20060606-1543-number-one-sydney-picture-on-windows-live-and-google,http://s3.amazonaws.com/devhawk_images/Touring Sydney Monday (58).jpg,D:\dev\DevHawk\Posts\20060606-1543-number-one-sydney-picture-on-windows-live-and-google\Touring Sydney Monday (58).jpg
20060517-2044-rileyanne-in-buttercup-field,http://devhawk.net/wp-includes/images/smilies/icon_smile.gif,D:\dev\DevHawk\Posts\20060517-2044-rileyanne-in-buttercup-field\icon_smile.gif
20060517-2044-rileyanne-in-buttercup-field,D:\dev\DevHawk\Original\Images\RileyButtercupField.jpg,D:\dev\DevHawk\Posts\20060517-2044-rileyanne-in-buttercup-field\RileyButtercupField.jpg
20060428-1634-spell-with-flickr,http://static.flickr.com/23/97122049_96608eb66b_s.jpg,D:\dev\DevHawk\Posts\20060428-1634-spell-with-flickr\97122049_96608eb66b_s.jpg
20060428-1634-spell-with-flickr,http://static.flickr.com/42/86176562_a5cff4a38c_s.jpg,D:\dev\DevHawk\Posts\20060428-1634-spell-with-flickr\86176562_a5cff4a38c_s.jpg
20060428-1634-spell-with-flickr,http://static.flickr.com/25/96816787_47e8b9b4b4_s.jpg,D:\dev\DevHawk\Posts\20060428-1634-spell-with-flickr\96816787_47e8b9b4b4_s.jpg
20060428-1634-spell-with-flickr,http://static.flickr.com/31/43486706_b396595d6e_s.jpg,D:\dev\DevHawk\Posts\20060428-1634-spell-with-flickr\43486706_b396595d6e_s.jpg
20060428-1634-spell-with-flickr,http://static.flickr.com/52/135790873_65889f376c_s.jpg,D:\dev\DevHawk\Posts\20060428-1634-spell-with-flickr\135790873_65889f376c_s.jpg
20060428-1634-spell-with-flickr,http://static.flickr.com/33/53363145_a6cb7f203e_s.jpg,D:\dev\DevHawk\Posts\20060428-1634-spell-with-flickr\53363145_a6cb7f203e_s.jpg
20060428-1634-spell-with-flickr,http://static.flickr.com/11/17565394_7aee234c7f_s.jpg,D:\dev\DevHawk\Posts\20060428-1634-spell-with-flickr\17565394_7aee234c7f_s.jpg
20060315-1125-compiler-dev-lab-scripting,http://devhawk.net/wp-includes/images/smilies/icon_sad.gif,D:\dev\DevHawk\Posts\20060315-1125-compiler-dev-lab-scripting\icon_sad.gif
20060308-1842-etech-day-three-quick-thoughts,http://devhawk.net/wp-includes/images/smilies/icon_smile.gif,D:\dev\DevHawk\Posts\20060308-1842-etech-day-three-quick-thoughts\icon_smile.gif
20060301-1040-spark-weblog,http://devhawk.net/wp-includes/images/smilies/icon_smile.gif,D:\dev\DevHawk\Posts\20060301-1040-spark-weblog\icon_smile.gif
20060217-1334-first-t-shirt-sale,http://devhawk.net/wp-includes/images/smilies/icon_smile.gif,D:\dev\DevHawk\Posts\20060217-1334-first-t-shirt-sale\icon_smile.gif
20060216-1445-introducting-devhawk-designs,http://s3.amazonaws.com/devhawk_images/archelp.png,D:\dev\DevHawk\Posts\20060216-1445-introducting-devhawk-designs\archelp.png
20060205-1329-devhawk-pulling-for-seahawks,http://devhawk.net/wp-includes/images/smilies/icon_sad.gif,D:\dev\DevHawk\Posts\20060205-1329-devhawk-pulling-for-seahawks\icon_sad.gif
20060125-2223-hating-the-term-web-2-0,http://devhawk.net/wp-includes/images/smilies/icon_smile.gif,D:\dev\DevHawk\Posts\20060125-2223-hating-the-term-web-2-0\icon_smile.gif
20051220-1021-abstraction-gap-leapfrog,http://devhawk.net/wp-includes/images/smilies/icon_smile.gif,D:\dev\DevHawk\Posts\20051220-1021-abstraction-gap-leapfrog\icon_smile.gif
20051123-1203-javascript-utilities,http://devhawk.net/wp-includes/images/smilies/icon_smile.gif,D:\dev\DevHawk\Posts\20051123-1203-javascript-utilities\icon_smile.gif
20051003-1733-the-nhl-in-outlook,http://devhawk.net/wp-includes/images/smilies/icon_sad.gif,D:\dev\DevHawk\Posts\20051003-1733-the-nhl-in-outlook\icon_sad.gif
20050908-1032-portability-without-productivity,http://devhawk.net/wp-includes/images/smilies/icon_smile.gif,D:\dev\DevHawk\Posts\20050908-1032-portability-without-productivity\icon_smile.gif
20050902-1326-blah-blah-architecture,http://devhawk.net/wp-includes/images/smilies/icon_smile.gif,D:\dev\DevHawk\Posts\20050902-1326-blah-blah-architecture\icon_smile.gif
20050624-1353-my-next-job,http://devhawk.net/wp-includes/images/smilies/icon_smile.gif,D:\dev\DevHawk\Posts\20050624-1353-my-next-job\icon_smile.gif
20050310-1733-the-story-of-a-fierce-bad-rabbit,http://s3.amazonaws.com/devhawk_images/PotBad13.jpg,D:\dev\DevHawk\Posts\20050310-1733-the-story-of-a-fierce-bad-rabbit\PotBad13.jpg
20050310-1733-the-story-of-a-fierce-bad-rabbit,http://devhawk.net/wp-includes/images/smilies/icon_smile.gif,D:\dev\DevHawk\Posts\20050310-1733-the-story-of-a-fierce-bad-rabbit\icon_smile.gif
20050310-1733-the-story-of-a-fierce-bad-rabbit,http://etext.lib.virginia.edu/images/modeng/public/PotBadR/PotBad13.jpg,D:\dev\DevHawk\Posts\20050310-1733-the-story-of-a-fierce-bad-rabbit\PotBad13.jpg
20050309-2349-teched-bloggers,http://devhawk.net/wp-includes/images/smilies/icon_smile.gif,D:\dev\DevHawk\Posts\20050309-2349-teched-bloggers\icon_smile.gif
20050303-1453-mr-cio-guy-has-left-the-building,http://devhawk.net/wp-includes/images/smilies/icon_sad.gif,D:\dev\DevHawk\Posts\20050303-1453-mr-cio-guy-has-left-the-building\icon_sad.gif
20050227-2117-diy-car-radio-harder-than-i-thought,http://devhawk.net/wp-includes/images/smilies/icon_smile.gif,D:\dev\DevHawk\Posts\20050227-2117-diy-car-radio-harder-than-i-thought\icon_smile.gif
20050223-0913-experimenting-with-podcasting,http://devhawk.net/wp-includes/images/smilies/icon_smile.gif,D:\dev\DevHawk\Posts\20050223-0913-experimenting-with-podcasting\icon_smile.gif
20050201-0011-patternshare,http://devhawk.net/wp-includes/images/smilies/icon_smile.gif,D:\dev\DevHawk\Posts\20050201-0011-patternshare\icon_smile.gif
20050125-1021-dsl-toolkit-known-issues,http://devhawk.net/wp-includes/images/smilies/icon_smile.gif,D:\dev\DevHawk\Posts\20050125-1021-dsl-toolkit-known-issues\icon_smile.gif
20050108-2053-leave-no-doubt,http://s3.amazonaws.com/devhawk_images/nationalchamps.jpg,D:\dev\DevHawk\Posts\20050108-2053-leave-no-doubt\nationalchamps.jpg
20050108-2053-leave-no-doubt,http://s3.amazonaws.com/devhawk_images/undisputed.jpg,D:\dev\DevHawk\Posts\20050108-2053-leave-no-doubt\undisputed.jpg
20041220-1421-early-xmas-present,http://devhawk.net/wp-includes/images/smilies/icon_smile.gif,D:\dev\DevHawk\Posts\20041220-1421-early-xmas-present\icon_smile.gif
20041109-1317-halo-2,http://devhawk.net/wp-includes/images/smilies/icon_sad.gif,D:\dev\DevHawk\Posts\20041109-1317-halo-2\icon_sad.gif
20041109-1117-more-on-hw,http://devhawk.net/wp-includes/images/smilies/icon_sad.gif,D:\dev\DevHawk\Posts\20041109-1117-more-on-hw\icon_sad.gif
20041108-2008-another-model-blogger,http://devhawk.net/wp-includes/images/smilies/icon_smile.gif,D:\dev\DevHawk\Posts\20041108-2008-another-model-blogger\icon_smile.gif
20041027-1203-building-dsls-in-vs,http://s3.amazonaws.com/devhawk_images/UIPModelThumb.JPG,D:\dev\DevHawk\Posts\20041027-1203-building-dsls-in-vs\UIPModelThumb.JPG
20041027-1203-building-dsls-in-vs,http://s3.amazonaws.com/devhawk_images/UIPModel.JPG,D:\dev\DevHawk\Posts\20041027-1203-building-dsls-in-vs\UIPModel.JPG
20041026-1719-oopsla-day-1-2,http://s3.amazonaws.com/devhawk_images/UIPDSLthumb.JPG,D:\dev\DevHawk\Posts\20041026-1719-oopsla-day-1-2\UIPDSLthumb.JPG
20041026-1719-oopsla-day-1-2,http://s3.amazonaws.com/devhawk_images/UIPDSL.JPG,D:\dev\DevHawk\Posts\20041026-1719-oopsla-day-1-2\UIPDSL.JPG
20041025-1705-oopsla-day-0,http://devhawk.net/wp-includes/images/smilies/icon_smile.gif,D:\dev\DevHawk\Posts\20041025-1705-oopsla-day-0\icon_smile.gif
20041012-1656-wse2-and-wsdl,http://devhawk.net/wp-includes/images/smilies/icon_sad.gif,D:\dev\DevHawk\Posts\20041012-1656-wse2-and-wsdl\icon_sad.gif
20040910-1740-quick-architecture-takes,http://devhawk.net/wp-includes/images/smilies/icon_smile.gif,D:\dev\DevHawk\Posts\20040910-1740-quick-architecture-takes\icon_smile.gif
20040902-1422-software-factories-at-oopsla,http://devhawk.net/wp-includes/images/smilies/icon_smile.gif,D:\dev\DevHawk\Posts\20040902-1422-software-factories-at-oopsla\icon_smile.gif
20040816-0003-my-ride-revisited,http://s3.amazonaws.com/devhawk_images/hpierson_car_thumb.JPG,D:\dev\DevHawk\Posts\20040816-0003-my-ride-revisited\hpierson_car_thumb.JPG
20040815-2340-back-in-all-blacks,http://s3.amazonaws.com/devhawk_images/Touring Sydney Sat Morning (30)_small.jpg,D:\dev\DevHawk\Posts\20040815-2340-back-in-all-blacks\Touring Sydney Sat Morning (30)_small.jpg
20040815-2340-back-in-all-blacks,http://s3.amazonaws.com/devhawk_images/Touring Sydney Thurs (1)_small.jpg,D:\dev\DevHawk\Posts\20040815-2340-back-in-all-blacks\Touring Sydney Thurs (1)_small.jpg
20040815-2340-back-in-all-blacks,http://s3.amazonaws.com/devhawk_images/Touring Sydney Monday (58)_small.jpg,D:\dev\DevHawk\Posts\20040815-2340-back-in-all-blacks\Touring Sydney Monday (58)_small.jpg
20040815-2340-back-in-all-blacks,http://s3.amazonaws.com/devhawk_images/Touring Sydney Sat Morning (30).jpg,D:\dev\DevHawk\Posts\20040815-2340-back-in-all-blacks\Touring Sydney Sat Morning (30).jpg
20040815-2340-back-in-all-blacks,http://s3.amazonaws.com/devhawk_images/Touring Sydney Thurs (1).jpg,D:\dev\DevHawk\Posts\20040815-2340-back-in-all-blacks\Touring Sydney Thurs (1).jpg
20040815-2340-back-in-all-blacks,http://s3.amazonaws.com/devhawk_images/Touring Sydney Monday (58).jpg,D:\dev\DevHawk\Posts\20040815-2340-back-in-all-blacks\Touring Sydney Monday (58).jpg
20040801-1654-hanging-in-hobbiton,http://s3.amazonaws.com/devhawk_images/Albert Park PDT (4)_small.jpg,D:\dev\DevHawk\Posts\20040801-1654-hanging-in-hobbiton\Albert Park PDT (4)_small.jpg
20040801-1654-hanging-in-hobbiton,http://s3.amazonaws.com/devhawk_images/Hobbiton PDT (61)_small.JPG,D:\dev\DevHawk\Posts\20040801-1654-hanging-in-hobbiton\Hobbiton PDT (61)_small.JPG
20040801-1654-hanging-in-hobbiton,http://s3.amazonaws.com/devhawk_images/Hobbiton PDT (20)_small.JPG,D:\dev\DevHawk\Posts\20040801-1654-hanging-in-hobbiton\Hobbiton PDT (20)_small.JPG
20040801-1654-hanging-in-hobbiton,http://s3.amazonaws.com/devhawk_images/Hobbiton NZT (85)_small.JPG,D:\dev\DevHawk\Posts\20040801-1654-hanging-in-hobbiton\Hobbiton NZT (85)_small.JPG
20040801-1654-hanging-in-hobbiton,http://s3.amazonaws.com/devhawk_images/Hobbiton PDT (24)_small.JPG,D:\dev\DevHawk\Posts\20040801-1654-hanging-in-hobbiton\Hobbiton PDT (24)_small.JPG
20040801-1654-hanging-in-hobbiton,http://s3.amazonaws.com/devhawk_images/Hobbiton PDT (55)_small.JPG,D:\dev\DevHawk\Posts\20040801-1654-hanging-in-hobbiton\Hobbiton PDT (55)_small.JPG
20040801-1654-hanging-in-hobbiton,http://s3.amazonaws.com/devhawk_images/Hobbiton NZT (70)_small.JPG,D:\dev\DevHawk\Posts\20040801-1654-hanging-in-hobbiton\Hobbiton NZT (70)_small.JPG
20040801-1654-hanging-in-hobbiton,http://s3.amazonaws.com/devhawk_images/Albert Park PDT (4).jpg,D:\dev\DevHawk\Posts\20040801-1654-hanging-in-hobbiton\Albert Park PDT (4).jpg
20040801-1654-hanging-in-hobbiton,http://s3.amazonaws.com/devhawk_images/Hobbiton PDT (61).JPG,D:\dev\DevHawk\Posts\20040801-1654-hanging-in-hobbiton\Hobbiton PDT (61).JPG
20040801-1654-hanging-in-hobbiton,http://s3.amazonaws.com/devhawk_images/Hobbiton PDT (20).JPG,D:\dev\DevHawk\Posts\20040801-1654-hanging-in-hobbiton\Hobbiton PDT (20).JPG
20040801-1654-hanging-in-hobbiton,http://s3.amazonaws.com/devhawk_images/Hobbiton NZT (85).JPG,D:\dev\DevHawk\Posts\20040801-1654-hanging-in-hobbiton\Hobbiton NZT (85).JPG
20040801-1654-hanging-in-hobbiton,http://s3.amazonaws.com/devhawk_images/Hobbiton PDT (24).JPG,D:\dev\DevHawk\Posts\20040801-1654-hanging-in-hobbiton\Hobbiton PDT (24).JPG
20040801-1654-hanging-in-hobbiton,http://s3.amazonaws.com/devhawk_images/Hobbiton PDT (55).JPG,D:\dev\DevHawk\Posts\20040801-1654-hanging-in-hobbiton\Hobbiton PDT (55).JPG
20040801-1654-hanging-in-hobbiton,http://s3.amazonaws.com/devhawk_images/Hobbiton NZT (70).JPG,D:\dev\DevHawk\Posts\20040801-1654-hanging-in-hobbiton\Hobbiton NZT (70).JPG
20040709-1600-architecture-center-banner,http://s3.amazonaws.com/devhawk_images/ArchCenterBanner_1_thumb.jpg,D:\dev\DevHawk\Posts\20040709-1600-architecture-center-banner\ArchCenterBanner_1_thumb.jpg
20040625-0929-back-on-email,http://devhawk.net/wp-includes/images/smilies/icon_smile.gif,D:\dev\DevHawk\Posts\20040625-0929-back-on-email\icon_smile.gif
20040601-2340-plane-ride-home,http://devhawk.net/wp-includes/images/smilies/icon_smile.gif,D:\dev\DevHawk\Posts\20040601-2340-plane-ride-home\icon_smile.gif
20040525-0802-apparently-nagging-works,http://devhawk.net/wp-includes/images/smilies/icon_smile.gif,D:\dev\DevHawk\Posts\20040525-0802-apparently-nagging-works\icon_smile.gif
20040524-2321-teched-days-0-1,http://devhawk.net/wp-includes/images/smilies/icon_smile.gif,D:\dev\DevHawk\Posts\20040524-2321-teched-days-0-1\icon_smile.gif
20040514-1017-road-rally-reminder,http://s3.amazonaws.com/devhawk_images/RoadRally_250x75.gif,D:\dev\DevHawk\Posts\20040514-1017-road-rally-reminder\RoadRally_250x75.gif
20040309-1520-looking-for-spsynd-volunteers,http://devhawk.net/wp-includes/images/smilies/icon_sad.gif,D:\dev\DevHawk\Posts\20040309-1520-looking-for-spsynd-volunteers\icon_sad.gif
20040219-2224-happy-birthday-patrick,http://s3.amazonaws.com/devhawk_images/CakeThumbnail1.jpg,D:\dev\DevHawk\Posts\20040219-2224-happy-birthday-patrick\CakeThumbnail1.jpg
20040219-2224-happy-birthday-patrick,http://s3.amazonaws.com/devhawk_images/CakeFullSize.jpg,D:\dev\DevHawk\Posts\20040219-2224-happy-birthday-patrick\CakeFullSize.jpg
20040211-2337-services-are-neither-applications-nor-components,http://devhawk.net/wp-includes/images/smilies/icon_smile.gif,D:\dev\DevHawk\Posts\20040211-2337-services-are-neither-applications-nor-components\icon_smile.gif
20040101-1752-national-champions,D:\dev\DevHawk\Original\Images\P1010101_thumbnail.JPG,D:\dev\DevHawk\Posts\20040101-1752-national-champions\P1010101_thumbnail.JPG
20040101-1752-national-champions,D:\dev\DevHawk\Original\Images\P1010101.JPG,D:\dev\DevHawk\Posts\20040101-1752-national-champions\P1010101.JPG
20031224-2132-twas-the-night-before-christmas,D:\dev\DevHawk\Original\Images\PC110166_thumbnail.JPG,D:\dev\DevHawk\Posts\20031224-2132-twas-the-night-before-christmas\PC110166_thumbnail.JPG
20031224-2132-twas-the-night-before-christmas,D:\dev\DevHawk\Original\Images\PC110166.JPG,D:\dev\DevHawk\Posts\20031224-2132-twas-the-night-before-christmas\PC110166.JPG
20031208-2351-my-techie-wife,http://devhawk.net/wp-includes/images/smilies/icon_smile.gif,D:\dev\DevHawk\Posts\20031208-2351-my-techie-wife\icon_smile.gif
20031106-1617-architecting-for-manageability,http://devhawk.net/wp-includes/images/smilies/icon_sad.gif,D:\dev\DevHawk\Posts\20031106-1617-architecting-for-manageability\icon_sad.gif
20031016-1137-lovehate-for-wired,http://devhawk.net/wp-includes/images/smilies/icon_smile.gif,D:\dev\DevHawk\Posts\20031016-1137-lovehate-for-wired\icon_smile.gif
20031013-2248-reading-writing-and-business-cards,http://s3.amazonaws.com/devhawk_images/MSLogoBIZ.gif,D:\dev\DevHawk\Posts\20031013-2248-reading-writing-and-business-cards\MSLogoBIZ.gif
20030919-1226-today-is-the-last-day-of-my-life-so-far,http://devhawk.net/wp-includes/images/smilies/icon_smile.gif,D:\dev\DevHawk\Posts\20030919-1226-today-is-the-last-day-of-my-life-so-far\icon_smile.gif
20030903-1358-great-technology-bad-names,http://devhawk.net/wp-includes/images/smilies/icon_sad.gif,D:\dev\DevHawk\Posts\20030903-1358-great-technology-bad-names\icon_sad.gif
20030611-0847-frys-is-coming,http://devhawk.net/wp-includes/images/smilies/icon_smile.gif,D:\dev\DevHawk\Posts\20030611-0847-frys-is-coming\icon_smile.gif
20030610-1712-add-region-macro-4-fun,http://devhawk.net/wp-includes/images/smilies/icon_wink.gif,D:\dev\DevHawk\Posts\20030610-1712-add-region-macro-4-fun\icon_wink.gif
20030608-2303-incoherence-at-11pm,http://devhawk.net/wp-includes/images/smilies/icon_sad.gif,D:\dev\DevHawk\Posts\20030608-2303-incoherence-at-11pm\icon_sad.gif
20030529-2118-ive-been-scobleized,http://devhawk.net/wp-includes/images/smilies/icon_smile.gif,D:\dev\DevHawk\Posts\20030529-2118-ive-been-scobleized\icon_smile.gif
20030419-2017-media-center,http://devhawk.net/wp-includes/images/smilies/icon_smile.gif,D:\dev\DevHawk\Posts\20030419-2017-media-center\icon_smile.gif
20030405-1931-aggregating-rss,http://devhawk.net/wp-includes/images/smilies/icon_smile.gif,D:\dev\DevHawk\Posts\20030405-1931-aggregating-rss\icon_smile.gif
20030307-1744-home-of-the-business-logic,http://devhawk.net/wp-includes/images/smilies/icon_wink.gif,D:\dev\DevHawk\Posts\20030307-1744-home-of-the-business-logic\icon_wink.gif
20030225-0908-ipv6,http://devhawk.net/wp-includes/images/smilies/icon_smile.gif,D:\dev\DevHawk\Posts\20030225-0908-ipv6\icon_smile.gif
20030212-1121-rotors-xsd-exe,http://devhawk.net/wp-includes/images/smilies/icon_smile.gif,D:\dev\DevHawk\Posts\20030212-1121-rotors-xsd-exe\icon_smile.gif
20030207-1921-watching-microsoft-bloggers,http://devhawk.net/wp-includes/images/smilies/icon_smile.gif,D:\dev\DevHawk\Posts\20030207-1921-watching-microsoft-bloggers\icon_smile.gif
20030130-1841-dinner-weblogs-code,http://devhawk.net/wp-includes/images/smilies/icon_sad.gif,D:\dev\DevHawk\Posts\20030130-1841-dinner-weblogs-code\icon_sad.gif
20030125-1750-dinner-the-piersons,http://devhawk.net/wp-includes/images/smilies/icon_smile.gif,D:\dev\DevHawk\Posts\20030125-1750-dinner-the-piersons\icon_smile.gif
20030115-2104-webloging-from-front-page,http://devhawk.net/wp-includes/images/smilies/icon_sad.gif,D:\dev\DevHawk\Posts\20030115-2104-webloging-from-front-page\icon_sad.gif
